{
  "weapons": {
    "wand_netherite_lightning": {
      "attack_damage": 2.0,
      "attack_speed": -2.4,
      "attributes": [
        {
          "id": "spell_power:lightning",
          "value": 3.0,
          "operation": "ADDITION"
        }
      ]
    },
    "staff_crystal_lightning": {
      "attack_damage": 4.0,
      "attack_speed": -3.0,
      "attributes": [
        {
          "id": "spell_power:lightning",
          "value": 6.0,
          "operation": "ADDITION"
        }
      ]
    },
    "staff_lightning": {
      "attack_damage": 4.0,
      "attack_speed": -3.0,
      "attributes": [
        {
          "id": "spell_power:lightning",
          "value": 4.0,
          "operation": "ADDITION"
        }
      ]
    },
    "wand_lightning": {
      "attack_damage": 2.0,
      "attack_speed": -2.4,
      "attributes": [
        {
          "id": "spell_power:lightning",
          "value": 2.0,
          "operation": "ADDITION"
        }
      ]
    },
    "staff_netherite_lightning": {
      "attack_damage": 4.0,
      "attack_speed": -3.0,
      "attributes": [
        {
          "id": "spell_power:lightning",
          "value": 5.0,
          "operation": "ADDITION"
        }
      ]
    }
  },
  "armor_sets": {
    "primalist": {
      "armor_toughness": 0.0,
      "knockback_resistance": 0.0,
      "head": {
        "armor": 2,
        "attributes": [
          {
            "id": "spell_power:soul",
            "value": 0.15,
            "operation": "MULTIPLY_BASE"
          },
          {
            "id": "spell_power:lightning",
            "value": 0.15,
            "operation": "MULTIPLY_BASE"
          }
        ]
      },
      "chest": {
        "armor": 6,
        "attributes": [
          {
            "id": "spell_power:soul",
            "value": 0.15,
            "operation": "MULTIPLY_BASE"
          },
          {
            "id": "spell_power:lightning",
            "value": 0.15,
            "operation": "MULTIPLY_BASE"
          }
        ]
      },
      "legs": {
        "armor": 4,
        "attributes": [
          {
            "id": "spell_power:soul",
            "value": 0.15,
            "operation": "MULTIPLY_BASE"
          },
          {
            "id": "spell_power:lightning",
            "value": 0.15,
            "operation": "MULTIPLY_BASE"
          }
        ]
      },
      "feet": {
        "armor": 2,
        "attributes": [
          {
            "id": "spell_power:soul",
            "value": 0.15,
            "operation": "MULTIPLY_BASE"
          },
          {
            "id": "spell_power:lightning",
            "value": 0.15,
            "operation": "MULTIPLY_BASE"
          }
        ]
      }
    }
  }
}