{
  "roll": {
    "type": "constant",
    "count": 1
  },
  "input1": {
    "filter": "minecraft:emerald",
    "count": {
      "type": "constant",
      "count": 5
    }
  },
  "output": [
    {
      "item": "convenientdecor:white_umbrella",
      "count": {
        "type": "constant",
        "count": 1
      },
      "weight": 1
    },
    {
      "item": "convenientdecor:light_blue_umbrella",
      "count": {
        "type": "constant",
        "count": 1
      },
      "weight": 1
    },
    {
      "item": "convenientdecor:red_umbrella",
      "count": {
        "type": "constant",
        "count": 1
      },
      "weight": 1
    },
    {
      "item": "convenientdecor:pink_umbrella",
      "count": {
        "type": "constant",
        "count": 1
      },
      "weight": 1
    },
    {
      "item": "convenientdecor:blue_umbrella",
      "count": {
        "type": "constant",
        "count": 1
      },
      "weight": 1
    },
    {
      "item": "convenientdecor:black_umbrella",
      "count": {
        "type": "constant",
        "count": 1
      },
      "weight": 1
    },
    {
      "item": "exposure:camera",
      "count": {
        "type": "constant",
        "count": 1
      },
      "weight": 1
    },
    {
      "item": "exposure:color_film",
      "count": {
        "type": "constant",
        "count": 1
      },
      "weight": 1
    },
    {
      "item": "farmersdelight:stove",
      "count": {
        "type": "constant",
        "count": 1
      },
      "weight": 1
    },
    {
      "item": "immersive_aircraft:hull",
      "count": {
        "type": "constant",
        "count": 1
      },
      "weight": 1
    },
    {
      "item": "immersive_aircraft:boiler",
      "count": {
        "type": "constant",
        "count": 1
      },
      "weight": 1
    },
    {
      "item": "chipped:mason_table",
      "count": {
        "type": "constant",
        "count": 1
      },
      "weight": 1
    },
    {
      "item": "minecraft:name_tag",
      "count": {
        "type": "constant",
        "count": 1
      },
      "weight": 1
    },
    {
      "item": "minecraft:saddle",
      "count": {
        "type": "constant",
        "count": 1
      },
      "weight": 1
    },
    {
      "item": "minecraft:iron_horse_armor",
      "count": {
        "type": "constant",
        "count": 1
      },
      "weight": 1
    },
    {
      "item": "minecraft:golden_horse_armor",
      "count": {
        "type": "constant",
        "count": 1
      },
      "weight": 1
    },
    {
      "item": "minecraft:blaze_powder",
      "count": {
        "type": "constant",
        "count": 1
      },
      "weight": 1
    },
    {
      "item": "automobility:dash_panel",
      "count": {
        "type": "constant",
        "count": 1
      },
      "weight": 1
    },
    {
      "item": "luphieclutteredmod:luphie_red_armchair",
      "count": {
        "type": "constant",
        "count": 1
      },
      "weight": 1
    },
    {
      "item": "luphieclutteredmod:luphie_green_armchair",
      "count": {
        "type": "constant",
        "count": 1
      },
      "weight": 1
    },
    {
      "item": "luphieclutteredmod:luphie_yellow_armchair",
      "count": {
        "type": "constant",
        "count": 1
      },
      "weight": 1
    },
    {
      "item": "luphieclutteredmod:luphie_blue_armchair",
      "count": {
        "type": "constant",
        "count": 1
      },
      "weight": 1
    },
    {
      "item": "luphieclutteredmod:luphie_pink_armchair",
      "count": {
        "type": "constant",
        "count": 1
      },
      "weight": 1
    },
    {
      "item": "luphieclutteredmod:unpainted_birdhouse",
      "count": {
        "type": "constant",
        "count": 1
      },
      "weight": 1
    }
  ]
}
